"file","bytes","mean","std","verdict"
"018547a02fecf4785e3a34cef71f2f6e9988f189.png","541","16","0","black"
"1507e5d424b402f10172160f5c21ef37a5d2247e.png","467","15.8","0.4","black"
"42da900e0e56d8f6618b411309c20cbc4a1ffb2d.png","1012","0.9","1.2","black"
"3c85e1f50c31d825a65a2f23fede5f5ec662a56d.png","1200","1.1","2.4","black"
"96240d20365e0437f2ea3d5f69163b0b653dca20.png","584","67.5","4","flat"
"9305999036c0c4a65da439b472606c7ac73d67d1.png","2378","115.4","4.4","flat"
"436e79b6a440dca29467253f6ada201b8710c12c.png","2646","17.8","6.1","black"
"9b7d069692d543f1d394df65285e857e9406ed74.png","64385","104.4","10.3","flat"
"3b47ca81ef127e237f60deaa2c31fe5d2a7dfff5.png","53108","77.6","12.7","picture"
"9a65640f335caf75c5e5e6bddb901f7be8ebe871.png","36873","61.8","13.1","picture"
"5b04b6f731ee1d84720bd37f0bf96396395d8267.png","53425","48.2","13.3","picture"
"b5481f9ae91b6ebaffee82aaa8feea010dd9958a.png","19981","239.2","13.9","picture"
"ff22fdacd204c8c43b9c4418f14560c76e12dc35.png","44007","80.4","14.8","picture"
"243ff3a19e06031d8ea845a390c447d0028e1e4a.png","37349","26","14.9","picture"
"26a50ff9829166b47872e6a65e0b10803550df5f.png","46166","64.9","15","picture"
"44175b68d0c7bb5354f3e099cf693c4e7a1503a0.png","22511","37.6","15.2","picture"
"abda659abd71b52dfb16d3d42587d1f868b7f355.png","64236","67.1","15.4","picture"
"18020aadf80af2a5c196769236ed4de4fa065896.png","62782","59.3","15.5","picture"
"f293182a461efe03ae364e58ae9fde5c4dba32f9.png","80385","145.9","15.7","picture"
"49bd9d0b9fec1fff9585d35a2658ed4c6b357303.png","54420","29.8","15.9","picture"
"084e3748fd1853bfb1926dae6b44a4142b4e2fb1.png","45750","43.8","15.9","picture"
"4e37d7e9855822a07024d4108bdac0f64d1250cf.png","12552","9.6","16.2","picture"
"94ce03ddb794cb5823648d63095d68300b0c5c54.png","48695","30.9","17.8","picture"
"25e1e25048b71b0d7390f60f4d6d6c9028d11662.png","60845","93.2","18","picture"
"7b06f279fedb2b81d425c0146cc9790e1483fedb.png","40421","54.8","18.2","picture"
"205e181dc0ef80e4a327f34b838422bebc03f61d.png","61512","42","18.2","picture"
"31e99061493055911653812eb3818a26283d371f.png","52482","39.2","18.5","picture"
"c1a1ec69224ada644e8cd5767eeeac4668609217.png","41112","47.8","19","picture"
"59d00001471cfa7376f8bd0674b51098f20f0e64.png","35949","21.6","19.2","picture"
"fcaaafe99423041c87e49db0e45e2c31d9b16345.png","69251","91.8","19.2","picture"
"eaeb866b606699dc4a430779e0b4ba68b5773bd3.png","7873","230.8","19.6","picture"
"ed07cef2b3126e2b893c8f92bea7fc7b2bd4775a.png","51013","173.6","19.6","picture"
"8e4c7ff18c25946bb9e2d70d2bc2d1ebe66a7f77.png","73728","107.2","19.7","picture"
"c17a9ad6bcf859f8b34d8f7907e7c622f95d227f.png","49881","101.2","19.8","picture"
"0b51e6df2b7200fa6a5d084e760cddd12609a44b.png","35455","154.5","20","picture"
"45b6ee1a3888752c8397ac00e00eff1b35a86b59.png","29007","182","20.1","picture"
"770d0d0f67b6546d15b8052818260cb7cbb14f64.png","31971","55.1","20.1","picture"
"69113ed9ab3925f95e0635b12133eb5143e23b29.png","36228","20.2","20.2","picture"
"998ba8f780e61bd6035012a8cb36dccbc8f7def7.png","19457","13.5","20.6","picture"
"eafec4a355d15c2501e2a28377a356047974529b.png","66838","165","20.6","picture"
"0230ac9619ab046b55c6ccc21b7814ce5ec40ae9.png","31709","31.9","21","picture"
"6643d8ca64bd5526d9d92bbcb5e77bcc56184a9f.png","19587","214.3","21.3","picture"
"be6e8b5fdd45538a0c8345ef01b474861156f3f4.png","68298","71","21.4","picture"
"541fcdc29d49688a5fd9cf35be67c04416f2f018.png","20545","18.8","21.4","picture"
"1292371bddad1b9ba7127b58b689123079e5ca67.png","34916","83.3","21.6","picture"
"7e5ad6f1f829e1a15b8424012b71c6368edf2f2f.png","67026","91.9","22.1","picture"
"baa76721bf0b1903070a28127b120d6c87318678.png","36816","199.7","22.3","picture"
"d857764dad95e9039e42f6e98d6219c6bd2adadf.png","31461","205.7","22.4","picture"
"e128e55323d414e56524ddda281deb2eeb7d12c3.png","30445","30.2","22.8","picture"
"baa35e8198b3b388a2ec9a4ec55d1995f26a0e87.png","48839","174.2","23.1","picture"
"99e9e2c98fd0d0ec390fb39dc933d30e4b397a28.png","43290","54.9","23.2","picture"
"3045332809ed6a9dd13cdb8dac10d6e4bc85a256.png","43902","54.9","23.8","picture"
"4664c2832646295b5a87a33015b6310a7d98a637.png","16072","58.8","24","picture"
"1bed9cd80174bcff6ae08db8672b92bc2d5f5ab4.png","63529","114.5","24.1","picture"
"7064cbf0da12db00f02767b0e63a6f7e117ed141.png","45566","86.5","24.2","picture"
"ec00b1f3a6f9f1ecbf5364f7ef3ee5fb5d9af289.png","62748","44.3","24.3","picture"
"dd57865d1e75687ddb6b6d65adef41377b81e9a6.png","51623","104.1","24.5","picture"
"24a195a8723a8d0425f38e477443da71e9633c00.png","54706","60","24.6","picture"
"22b5ecd87c95b1b90a7ee5207151997e3b6837f0.png","33094","114.7","24.9","picture"
"77682668de939504677657b35fd9fec250eb2d13.png","45615","41.8","25","picture"
"42a1bd3e5aaaad74c1ed367102a07b2de605f642.png","55400","133.1","25.2","picture"
"47da46cfb09e9b86b1ee79451c0bc3dd06ce153b.png","48825","128.5","25.6","picture"
"82901fed2ff5fa296f4344fedb765ca4dc8cb2c7.png","38597","108.9","25.7","picture"
"2d51fffa479ad0a8e0080c0ffa13205cc530d093.png","50498","59.6","25.7","picture"
"bb06d77ed1a744b8c8b03ca203085e07c9ab3f81.png","68599","124.2","26.2","picture"
"a7429b580b337fd52120c1cfd94715963c253ff2.png","33082","30.9","26.3","picture"
"62f9191f801f7d6107ebe61d32f0d0c2602b2195.png","61998","97.6","26.9","picture"
"4c66a83cc7ab3dc02b027e37253105aaf2054005.png","42043","70.4","27","picture"
"90f8747dade62cbff0619db3b16d839afc19dd56.png","49849","125","27.2","picture"
"88bb335a0731504db9df10ee3a83df955d158ea5.png","42475","44.3","27.3","picture"
"906c66a5276c0553a5a1c1dc6e7975626a14b037.png","47910","87.8","27.3","picture"
"76d29f03b545f81941cf3afe9042251174b638d2.png","36378","103.4","27.5","picture"
"932b2b128929c44c403faee475d5b0037bfb5432.png","54999","140.2","27.7","picture"
"1c5f2a11333bde157a65bcca9b9f987792d3bf6d.png","44621","111.1","27.9","picture"
"7fbb3c36be465ee2af92aab9ce9411025add4d62.png","18959","33.3","28.1","picture"
"0580cafce2e30811d0c99a498015813d65803d96.png","43601","164.2","28.6","picture"
"e149f5574aa1e05094b2f03bbb75f4e46c2c187b.png","37172","45","28.9","picture"
"fba0ec056e0ab33980861a55c48440c02a19b12b.png","51072","89","28.9","picture"
"94c05468d0d4b18d73721def4b8fb16efbd72282.png","58104","53.7","28.9","picture"
"4f1ba1e505dca4847e69f61346b2d48b93ba0144.png","67122","100.5","29","picture"
"9cab17fec4889853804cce211537d19707e08f2b.png","33246","39.4","29.1","picture"
"81d5ff2d07694b59356b8c39d8360c021e3e7d80.png","41983","65.8","29.2","picture"
"69bee368a7d40a9f51c47836bfa214ab0dc32b77.png","28077","20.2","29.2","picture"
"37c5e1e72464f20b88b808378d7e29755c3290a9.png","48689","51","29.4","picture"
"d630f61a492c1665fc00a2892c106fef279da4d0.png","44210","184","29.4","picture"
"359cf06604f56fca415ec84e506815b640fb86e9.png","40482","174.1","29.5","picture"
"7fc3597c65de934b5fc5f8c5618e3936be4877c9.png","41783","106","29.7","picture"
"49b88679036ee35c435ce07acbb9577d00c47a8a.png","55656","82.5","29.8","picture"
"97acd3b8a7b5ae3d2d655c23be49855c04948096.png","48280","36.5","29.8","picture"
"fecdcad2a1d48eaec1c0e8ab56f0dad275861690.png","56690","120.4","29.9","picture"
"de08c32a121708c839c83128df14bceca95b77af.png","41072","79.7","30.2","picture"
"62062877e74f79e5d907dcaaaaf027ff2690e9a8.png","55253","66.3","30.3","picture"
"e29dfb4fdd83f02416499e7033600a9c302d49cf.png","51625","56.4","30.4","picture"
"31694319102f01b8fd5368161ba931b6a6972deb.png","33035","37.8","30.6","picture"
"c99c73dc730a5d6a9a182ba4a2cc42a929639000.png","43283","161.4","30.6","picture"
"1ff34480deef3e9351f04302cb738c8abf72ed9f.png","50280","53.9","30.7","picture"
"da03a82ccaf8d2fc1bf8dd34cd221e3961cff5ea.png","47758","81.5","30.7","picture"
"cf7028e891a318bb4e4ef7a27e6acb83d359e4f2.png","61752","79.1","30.9","picture"
"816635e9208947cd6d16aea296cae1c97fd6eaaa.png","44443","118.4","31.1","picture"
"e76c3536d26db819a0b76a7fe78a8b58cb91e10b.png","48332","55.4","31.3","picture"
"bab99deb957595c7dcd37bc754520b7ba129166e.png","50091","48","31.4","picture"
"d96cc2b22044bff7f328777d2701a8108f508e56.png","62842","115.9","31.5","picture"
"60e8ebcc9ebd86656e757a436550225137192ed8.png","32349","112.9","31.6","picture"
"b43c419c542e8170e0f647f22fffdcda214ab38f.png","41560","87.4","31.7","picture"
"56c17a6d1b9e5b70e2768c787e0ea4bcaf1807af.png","45929","71","31.8","picture"
"8ff14e9700d1db470f3a2647d6a80c67ae591616.png","52255","102.7","31.8","picture"
"7161c39470f2d4f935d76992a8d7a6eae5f55d4e.png","53049","154.3","31.8","picture"
"96896ad1a353c0e8d9b9c43e98f3a42af2eeec6b.png","53662","77.9","31.9","picture"
"f84f858efd00880e1f38fe76072b3345d678c4b1.png","14640","113.8","31.9","picture"
"cd72f48ee180ce34097a61283ce14a212572c093.png","51090","135","32","picture"
"985700f5462b7b073c376995b81ec1ff0f6a7b41.png","31121","69.1","32","picture"
"48e667259a85341903b3fd82f6744f4d6a3384be.png","37089","139.6","32","picture"
"7922cfd77e84cddea908fecbc9a924b6357c0329.png","57582","72.1","32.1","picture"
"88ac9ac81f60468beebebd5d0cdcd5b81531acfd.png","56317","140.6","32.1","picture"
"be5befa8f24079f56e1876fe26bc3c578b0ec0fd.png","59104","79.7","32.1","picture"
"d73a8e5e19135326dca9e62a037164f69b32b05f.png","8504","17.6","32.7","picture"
"67c2693655edbf9be2e14e8ed45950195b1a959b.png","49067","117.8","32.8","picture"
"40cd3a3852cd64da37399cb9f4463839927e256a.png","33338","172.6","33.2","picture"
"72e8666f703f241b5b515358da9440600b3934cd.png","44104","118.9","33.3","picture"
"f0d9b42a2a48ca49f69c8738df1b0a536b376506.png","41731","58","33.3","picture"
"1b41aac249cba98c61b4c22da70e9f2027ab2b23.png","30490","116.7","33.5","picture"
"919ec08947bd0bf0df4117f4256deee8c05f361d.png","44223","68.6","33.7","picture"
"cf1617346d9c060ac0aee3f000219ea01e2c600e.png","29495","37","33.7","picture"
"d2d08797e4975d56fc5237f40f8c6d4c5640a364.png","53368","120.1","33.7","picture"
"76931ba2d6cfc155de722cf6c9c6ab2993bd1676.png","53950","152","34","picture"
"de6b81952daece8e1356692e30d648ae82fbce41.png","60741","113.8","34","picture"
"5b0a7369706972dc580abd4d569e8af365065ccc.png","31744","52.2","34.1","picture"
"dce74c40a1a9db47f9dfde2c3184c76bca9773cc.png","57085","73.7","34.1","picture"
"9421660df3d8cb05961029a27abda94693e32e91.png","64107","170","34.2","picture"
"a4281ab1a28301846a0cb98c7ec5ffd3d07c2963.png","56362","84.9","34.4","picture"
"e7434f6f7b9a02782813077cc453b32df0c9a9b3.png","54098","85.2","34.6","picture"
"6a64069adbf799c6fcc8075250891f70c858eccc.png","42565","36.6","34.8","picture"
"f8a5e2b3c1c82ebc7f7d28bbe5218651cfe224ad.png","39156","53","34.9","picture"
"1c5e9b937c9c894e24b0ea8f4108b0e9ebb872e6.png","67797","135.9","35","picture"
"1a7f96960c9fbc42343cbdca76ad12d752b6a309.png","46012","63.3","35.1","picture"
"7c1228d142bd8b43317c4d4df3b82c427867486a.png","56433","64.8","35.2","picture"
"95912a23a8a533e9418002f33e2ddd6d0b583d97.png","60290","83.4","35.2","picture"
"f6db213633e1f0fa1c0ce4e0c5b82bf5d14c3576.png","39897","64.1","35.3","picture"
"c3f5f99cb4a4be3de193f81ed608261e35843e97.png","48317","150.8","35.3","picture"
"d0e834ffa945f470470689395957d32a7fcd2c88.png","42121","120.4","35.4","picture"
"d908e5f1ea24dce2041acbcaec0b316dd7172086.png","57608","92.8","35.4","picture"
"0a25ab8980bca7a257bdda4efd0c881df93089b7.png","37357","39.1","35.6","picture"
"2a15bb4c7726651dfd6c39d9b8609ce400ae7f17.png","65897","152.2","35.8","picture"
"f26f4e9fbb72cf5038552c1c4913632aa6bb5a33.png","40506","71.3","35.9","picture"
"4882e62b069ba681144dc3128e737e05191cce24.png","47793","94.2","35.9","picture"
"72f495d0bce68ff05e0d4569cf17f2a931c1e8e5.png","59433","157.5","36.1","picture"
"a4acf953537dcc05681a523e91ea2b21ddfaa2cc.png","52163","73.8","36.2","picture"
"748857d2dbe88d6dd43ad4a6edc284e38e10a92b.png","59038","114.3","36.5","picture"
"c08d167a443eb2b4dbe0b05509d5da013a1f006a.png","61887","166.5","36.5","picture"
"9bc79caa1329bb696b9b64ca77c96da95ff15bc7.png","60103","64.1","36.6","picture"
"e6f097182be6f602f77b52b8bf373d892da3f1fd.png","45759","83.7","36.6","picture"
"9be02b99ec1310a6f5afd91a8919c07b00484d16.png","38747","109.7","36.6","picture"
"843dd3b956b8753711ec2587b9a9d073e216c968.png","50010","92.2","36.7","picture"
"53e26c102d661ed251c9ff5b16c45d4320e97a4f.png","41673","45.5","36.7","picture"
"bf0724b592465d4ef99966b093fa1aea84cc895d.png","48810","71.8","37","picture"
"2eda66b558c70d31ba5bb45541c2eb24f2f9c232.png","34375","92.6","37.1","picture"
"4cb4e6c5e36acef3f7a34bc0c10dc721255b35f6.png","63257","116.8","37.1","picture"
"e04a6bdd99103ee30004a5eae399a66cc9ce1761.png","32247","49.9","37.3","picture"
"9dc5dd85f45a0da63e33703b530557991c466c6c.png","27553","40.1","37.3","picture"
"e1079950f5dc7e7a7027db714ecd75f3baf92f0a.png","54801","87.4","37.5","picture"
"6b223b9c59f2ddbd8df0d11b86176ff716166841.png","25361","123.6","37.6","picture"
"69490413a6ef451c0d2608719c7b26ef9be386bb.png","55727","96.7","37.7","picture"
"a532ff4ef464588a768a1e1ddaf0771f1443ea70.png","49394","119.3","37.9","picture"
"c4cab5c70eb45d9834c9376dd51ea0c921060b3c.png","32973","66.4","37.9","picture"
"f76cd21ca8f30bc9c992da700092a046dba52687.png","34629","128.2","37.9","picture"
"9a3e2956faff92f895b8aa3b9eaf63d2684dabea.png","57394","117","38.1","picture"
"e9111242ae19d2dfe4ef62ba98ea9a5985d7ca7c.png","61001","89.9","38.1","picture"
"35e1439a4d4f63069f9a1d1d8fa8112586b1626a.png","50880","133.3","38.2","picture"
"f99bcd2c1b82f6c78f0502710b32911a902bfcc4.png","53649","100.9","38.3","picture"
"a906397f92899f4361d194c3a4c10b5028acd1a4.png","66445","101.5","38.3","picture"
"e87335d300e34efd19b971565249983160d18725.png","24605","139.5","38.5","picture"
"2be82a7f338ceb7a3d886b0bc3b58422e1b6301c.png","33499","57.5","38.9","picture"
"b7aa3998275e827b307951903e99f0a0d71d83b0.png","42155","70.7","38.9","picture"
"eb375ce234f60ed30f61b5dad7d295330491eda6.png","65810","76.8","39","picture"
"dcebcdc3625544397eb1c7a222e7a6da021e6161.png","60755","106.4","39.1","picture"
"1fbac3f1544510212e151a507a6e904a2f26d9a0.png","43942","166.4","39.1","picture"
"42cabc20c15d3608b2e1d300668d1f700665b2f2.png","48192","122.8","39.3","picture"
"24dacc34a93c480b5dd1b25d44c32b20fff6ef37.png","35328","84.7","39.5","picture"
"187f4aa27056074124580dd4b2825b2cc8ce3ebb.png","59658","123.8","39.5","picture"
"1b4fccefc9befbb9cf385c0ee9616e0bb12d774e.png","42346","60.2","39.6","picture"
"f88e002d661b273c66f0c6ad8872ec1b07dabfc6.png","56512","105.1","39.7","picture"
"7388434dd823329a9cde51d2e62a8fedbf65dcf4.png","53920","140.1","39.8","picture"
"75c364e61103904d015c3b39425627d41c2668e1.png","55885","121.4","40","picture"
"4af321cf2a47c048e7033567eacecd1734a0271d.png","47799","129.3","40.2","picture"
"5bf15c9b59dbf76bf2c397dc955a0979a5fe5741.png","58213","96.8","40.2","picture"
"96c08fde10a8f5eeb3cd48cbe677cf0488394999.png","55997","147","40.3","picture"
"324f0dd7a3ca61f5d3adda217f428ffda6666284.png","30292","31","40.3","picture"
"4db7ae8673bc972b7714061d1bdbb2302a917db6.png","52596","86.7","40.3","picture"
"4fb891dbd196cad64ef7651276252a62acf40697.png","46637","79.8","40.5","picture"
"7aeb09cc8334a6d3060f93745fb3af93a3e6ae0f.png","49918","137","40.5","picture"
"32a4a681bfaf7bf8710c00c2e7582a584c98c1d9.png","28890","68.2","40.5","picture"
"867cb5a4c04b8845f56efcb2c21ee457661beb4c.png","56707","110.2","40.6","picture"
"ba2d4bd76b10c8a93981d12c40828e9d3a33099b.png","58330","101","40.6","picture"
"21d16116d1a8c33f519930df1780b2862af1ebcb.png","58545","54","40.7","picture"
"97e1a66a475ede278cfe56a83b18434841c012b0.png","45821","162.3","40.8","picture"
"69c6220c52474218082a339a73b9ed2ef97b9cc5.png","43907","137.6","40.8","picture"
"5a67619380887c2eee9ed1f2052077eb35f597b1.png","33979","44.9","40.9","picture"
"2f97993e9caf2b65a288f3d95f7bee6c42f20ff1.png","28089","60.5","41","picture"
"b3dcbfd0c3f95e7cbe8d9b28d7a280607e695a44.png","44385","195.7","41","picture"
"394d575b61353e91e624679d8dd10bdb9d47244e.png","65262","116.2","41.1","picture"
"d13d6e91fae4da21362597c131df73cc3b252b77.png","55214","71.8","41.1","picture"
"2cb2da64f5c2f2c47c59db232f0a39fec5acdce4.png","51493","43.8","41.2","picture"
"e7dd1df8cd5ee027e37676b0a30de0d62f9f4ebb.png","36304","52","41.5","picture"
"722293b40a7167e3219f996498f81c7ca3381fb1.png","53260","164","41.6","picture"
"68400a98c0298a01b77c42f0d6d6f1be9f67fb66.png","43298","67.2","41.8","picture"
"937ad7cb3f15610ab980ed736a3435c76171fcfd.png","55947","72.2","41.9","picture"
"9b716f4c05632d761b009d85a83373e82d50a705.png","51220","95.7","41.9","picture"
"6cd2e23fc37e23a045821a3d8ec3743f011f3c9a.png","30812","65.4","41.9","picture"
"739ee98696060cd08e59cd1e8ed5fd2aafae66b9.png","62549","127.1","42.1","picture"
"480e9d7f7c956e9c89293e5e2478440f75ed7aa4.png","50964","77.2","42.1","picture"
"2527bafa4ca72997b3f6c62233f67211dfa32db1.png","52139","131.5","42.2","picture"
"77d7c7ffc6d9ca9fcf3bdd7898467a3768a86ddb.png","65360","97.1","42.5","picture"
"8917f2cb35b7b4dabdd5130193f7054f56a9c5ca.png","42881","61.9","42.6","picture"
"09aff81020131e9f1da9bc5eb5e6a9d9ee8bf4e8.png","66574","130.1","42.6","picture"
"d78f84a0e8edad087347242393a5ef584b3e4a32.png","58671","97.4","42.8","picture"
"5c942471eab107f5a3f79d481e245d615c4273c5.png","53895","77.8","43","picture"
"f1c96538c93a3c620b753f31a784a9b55e859777.png","51106","110","43.1","picture"
"2e23d34459ff464421a997f6dad6215535748b84.png","45131","170.2","43.4","picture"
"125a9a5cd6043d486e88c5fbc38027978f57bcdd.png","38367","123.4","43.5","picture"
"b0a5d71d9c53805ee585c084f927fb4b759d59f6.png","39496","206.5","43.6","picture"
"baac9c1f6b588e7a9d1bbaaf6918280e0d9e6101.png","56799","125.3","43.6","picture"
"ebc05a590e4686a823f552cc73de952de17a3607.png","45937","85.8","43.7","picture"
"ba7b42654476b5ed7d7c60bf4f75a5227f5dba63.png","49850","155.3","43.8","picture"
"f79619f58d7dc28a3a6855a5a810a7d86588b992.png","6023","16.6","43.9","picture"
"2ac18962e5a1ed1944a8135c3131ca84714c9f90.png","45852","90","43.9","picture"
"edf09a039229bed2f7f637e84eb07f996b86c059.png","50297","59.4","44","picture"
"472c522365daa4ff6c6d1955d13f9f520ed145ab.png","39390","153.7","44.1","picture"
"1285c641476ea071d4cbc0bc814a947f9cc9c292.png","44151","114.8","44.1","picture"
"d5a12eee8efb273456789465fb27e3c055209f96.png","54811","116.6","44.1","picture"
"9700e93e14c534a9dc505a4525b59ba5a807c7c4.png","59353","121.8","44.3","picture"
"bc23df6f89037d964a56dd619d920dc2d5b4f690.png","59227","142","44.5","picture"
"86018840413c2b04140d626358dd2b8cd83eaea4.png","31666","53.1","45.2","picture"
"d8d35c677fb99855d7c207ef3c8df5a5c1a92e2e.png","26985","92.9","45.3","picture"
"fababb6cc947955e1b0637344892b507652cec43.png","44085","70.4","45.3","picture"
"17b56e76a3ecde554d811925b5cfbe71b0c61021.png","59883","116.3","45.4","picture"
"fd8304fcd818c60d45f8df38a5704d2a3bb91de2.png","59092","81.5","45.4","picture"
"b81eb3882023d3aa23f4b5ef6e3c9c726eed989a.png","66851","106.8","45.4","picture"
"84704d2a5dfbfe396177d70c69fa0641ff659c3a.png","57906","115","45.5","picture"
"aae3cf15baebcdfed15c14fcdb8da51ddab09948.png","55013","87.2","45.7","picture"
"ca5cf9d806fd436ed5da3d7d3d8befaa2973766e.png","51495","50.1","45.7","picture"
"5d0d0e87993e1183092158f929c5524a0308309e.png","20407","220.4","45.9","picture"
"76ee27a710f93be3c4e21053c9a0b91e9c7f920d.png","62378","116.4","46.1","picture"
"3b6d2d8ba750c51406b6ec65f14ff0aa70e43b23.png","61130","117.5","46.1","picture"
"98726ff18fb8df62d1bf0dbbad514463d24c8e6a.png","44839","68.2","46.2","picture"
"57aa61ab0acc696d214baa23158ae57cb31ba323.png","48289","112.7","46.4","picture"
"c86e5766303bbf2812eeb4689f623bc2cf853844.png","58762","70.3","46.5","picture"
"a2405bc27d6ea66d7ceb9329a0ba346f073f745b.png","27286","54.9","46.9","picture"
"33eb6917f4d59719508929f5f1c191a6b34036a8.png","41225","62.3","47","picture"
"4040a795d4510f09ea89cedbe605a7163ade0904.png","58423","97.9","47","picture"
"b912e5e01649c668fa300470089241fb7ca2877a.png","48249","99.2","47.1","picture"
"3b1685e4a2565c50e1125877f3dcd147dc0283b8.png","59981","105.3","47.3","picture"
"1902d06259e73b1a1772cab10ecfca99adad7378.png","53198","121.2","47.6","picture"
"85cab6daa995b43fb14afd8b4b033eb92c882044.png","64850","115.8","47.7","picture"
"42713c8402c694f5c6286e5424c1e52c422a89ac.png","45603","99.7","47.7","picture"
"d257086203c43d9ac8b237384c6bc37d160c38b7.png","64865","106.4","47.7","picture"
"4165a7bb1d7753e89ca602cc97fa2b3fa11f7cc5.png","60305","89.9","47.8","picture"
"506bb7b8c7713986f5622d49051845d856e0a98f.png","58186","130.6","47.9","picture"
"c978633b678a27af7565f6728742d6f8280f406d.png","51934","174","47.9","picture"
"956bc8774a1f2c7d663c3da380a08180a44dc48d.png","57125","143","48","picture"
"95ce2129442f4c5a6b6666afc957c465b014bd85.png","45020","98.8","48.2","picture"
"615bb0e37d795173e86af599b20c3bd901f1573a.png","54161","157.8","48.5","picture"
"5eba07b95c5fc92c20a1e7bc117ac121294a51e9.png","45012","84.1","48.6","picture"
"03ec9844b759b663bfea31e21d7098b9027eb490.png","64833","103","48.6","picture"
"eddea153ca50cc30eb19299e45b5768c49ec00a2.png","54602","88.8","48.9","picture"
"8465a044586014e97b61b80ef22795a4156f4805.png","52380","87.5","49.1","picture"
"a574f3a598b1c2ecdb444f553c5c17a0acf179ea.png","50013","132.2","49.1","picture"
"a4f5735b82c17bc1bb8aff69976a424cbc690722.png","36535","47.3","49.1","picture"
"1da2c5a14904d26828922e6aab954f1e7ed5b1de.png","43844","187.2","49.2","picture"
"822e3313c784839f8e90c875045ca06369aeee1e.png","58163","85.9","49.4","picture"
"87a00954de6d82b51566b0015c7c333c8166ca26.png","60012","118.4","49.7","picture"
"2f3a98757c67d83efd94e24edb9336f53da4724f.png","51948","97.6","49.8","picture"
"ba55b3340243f65d11a7211615df2f1924b4bddd.png","37823","151.8","49.9","picture"
"f9f8abb3442ce7a63e461ab1640e5d7ff87daaf9.png","52925","123.3","49.9","picture"
"7597c472934620db3b52f3064867ef020fd8bb7f.png","61025","111.8","50.2","picture"
"0de393299dc34e1a9b5d1048aefface3bffefe10.png","68272","117.4","50.4","picture"
"03b0ab64baf1af12674c8b41ce472a8d20fd7bd7.png","41240","162.7","50.6","picture"
"a7003ddeec6ea64c98fcb4a73a673e7c035b0121.png","39837","99.6","50.6","picture"
"91a29415d2ff90ce0cb3d88a7a46e67fb07af5df.png","47567","93","50.6","picture"
"63cdddd42adc29dee50390dc4fba5bae0b89a10d.png","40739","48.7","50.7","picture"
"4af17a7ff4059643f7a9614ba0327e666ca50c23.png","52494","106.2","51.1","picture"
"9371c91b83e17e8f3cbfbb7b645eabec05f39388.png","39390","61.1","51.1","picture"
"e03330a08f055dd66a69451ddc09c1cd06d409b5.png","55513","137.3","51.2","picture"
"f09883914b64c510116d62a773c09810ac1fd7e0.png","54022","96.6","51.2","picture"
"98fefdb59f8ede128e74c26c6039ff805bf18191.png","47934","102.9","51.9","picture"
"693bb406bfc54c36ed6e9ab77e1cefbf662f008a.png","69167","114.5","52.1","picture"
"60dbd1b46be0c9bdec86a6a5e9b0e673ee940737.png","45110","108","52.1","picture"
"a383ac33e0a91e007afe2ae129c39f37ee64a66b.png","45773","101.8","52.4","picture"
"47e99904c77a14e3a3e47fafda93355d80c301a5.png","42944","91.1","52.6","picture"
"ea4a4255321243a0d5512b5eb0dadc706a526268.png","52762","146.6","52.6","picture"
"44c5b9978b73e45faf5ce38aab2d4e6192c692e9.png","34213","117.5","52.7","picture"
"8e19dc790803c7f9ccdd8f29358ea073ea3500ec.png","55909","146.5","52.7","picture"
"4677dfb633cd1373b86701a0c70c4a1d5a61ba1d.png","33472","83.2","53","picture"
"ffce2e32cc92a2e911c8b1f4fe78f146102f91b8.png","47375","70.8","53.1","picture"
"15c298c616b19125dc92ad6d6f6891033e0caf80.png","56583","146.8","53.2","picture"
"f36342bc549d0ad36d27bbc8725e1f34abba5672.png","52877","112.9","53.4","picture"
"44b94aef8ad83125d0000deba6924554143c5ebd.png","58660","95.5","53.7","picture"
"35a0d821f1ee091364aeb3a375e5d7340e4b1166.png","50901","138.3","53.7","picture"
"42e485b9b0d72a5324797d84bd70507a5b4b1b5e.png","39135","76.3","53.8","picture"
"c1d560be815a89b07d7f85525150cca16361de7e.png","48117","108.7","54.3","picture"
"ac3587a7adce98a1dc8c37bb8a47e097b9f384d4.png","37635","162.2","54.4","picture"
"13660119b375d1494e4ae29e23fdabc7c05e498d.png","60145","127.9","54.6","picture"
"14153e5540ad8c969a3b89b1e02523352cfc126d.png","43254","166.6","54.7","picture"
"02a8572a2efb01cd9bf50880529892bf323866ff.png","48051","50.9","54.8","picture"
"a531ff992037e464836cc993fb77368cb6f1e4a8.png","62926","90.5","54.9","picture"
"cecba8bbb008b04557e88c343406ebc5c9191b3a.png","39689","55.7","55.2","picture"
"dae4804a8e25b2018ab35e7da08ecd578a3d4b8c.png","41869","189.1","55.6","picture"
"0ea14d8a49a162b53aac7521c4858fd1888c0729.png","50112","131.8","55.8","picture"
"e14824ab9cb883e42db53fbda6dfe7a4f098692f.png","31683","79.6","55.9","picture"
"b4db1c7bebdcefb82d190b035dd6b13b66587708.png","48986","81.1","55.9","picture"
"9696e01082270b75280db05f0c7256484a3d35a1.png","37984","112.1","56.4","picture"
"2377783786a16eca2d6ae939f46c57846fafb86e.png","45192","121.9","56.8","picture"
"9703b8b35a41dc7034c5b0417dd47aa584e6404b.png","53191","113.8","57","picture"
"9e76c8b5b8e127d42b33272e075ab90834e58252.png","37331","175","57.7","picture"
"d3d8f56965261552f1a85544bd94f9e757f543fa.png","51560","106.2","58.1","picture"
"5497b2bf642c310941d909c45a47998f3ae2ef4c.png","40883","80.2","58.3","picture"
"cd8b5f3756373e81a94a6a0842415b502819d7eb.png","48483","137.7","59","picture"
"f4f3879369d04b54f136ae6c18cc96fe554edca9.png","37371","123.5","59.1","picture"
"237f9bb804c790a849a3f91cd4f70017c9f4e700.png","41040","145.3","59.2","picture"
"d2129e0408923d5631e921c01bb67ae1c25245b8.png","46998","122.9","59.3","picture"
"a142bffbbc96e163b4e3442b858325aaafe5afd4.png","38706","136.5","59.3","picture"
"a731b8df63d1d3f396405d50223fac71683e2e36.png","41196","71.2","60.1","picture"
"0f4c13e61d18a34c2697ee0971586518381027af.png","31725","40.7","60.3","picture"
"a67afbf373573515b1046740764ce569b8647581.png","53548","112.1","60.6","picture"
"5f7ec625a214d5454883a2ec9a0a0f5e2fb7cd9f.png","44251","95.9","61.1","picture"
"6a2fd50e41d4031e4013ed3657d5420036b9311c.png","27678","203.5","61.2","picture"
"7086363c91b7967e701004d75b118b7ff9d55613.png","43823","176.1","62","picture"
"40bb8af5e1ebacd7ffde525254e5f22e5b7f4d51.png","48862","100.5","62.2","picture"
"dcf3a71bc45e63fe2c6dbe28bec89f3236af14a4.png","41604","98.2","62.2","picture"
"ac417fb5de34481313dd15c4cfa0c2f772286a92.png","38802","76.5","62.3","picture"
"1cb225f6092064ec43cc80f9782b7f40f0058a65.png","31835","101.8","63.8","picture"
"c94e94e8d1548d36dd583256acf140939b56ec6a.png","45884","132.2","63.8","picture"
"39617503307b141e3e1dcbc2fac8e828b3368c14.png","48754","93","64.3","picture"
"81728caa4c53c4f538584a98a0af141ec9a9d0e7.png","6486","66.7","65.4","picture"
"54afc139f3298b874742d75440744d77ab38b22a.png","30684","76.8","65.5","picture"
"71184fcf73bc48f5bd2f2a50e8bf87addfd18609.png","47936","92.1","65.7","picture"
"4680394fe1cf1e775e02a9187bdb6b79120382ad.png","40115","86.5","65.9","picture"
"cfb9cc27d939ffcc0b3803a09a506cd49764cd00.png","42394","155.5","66","picture"
"d39607c1a3bf0c63a302c6f425f6ff5bd0ae7ad3.png","26890","106.7","66","picture"
"ad854650a6aa4658b4e41172067e7537f31550cc.png","38801","178.5","66.5","picture"
"021928291179532af43012f73d37860454683cbf.png","51970","81","67.6","picture"
"27be074f1719a1d8eee38a06f37d4cd5bd6cabbc.png","38863","99.3","68.4","picture"
"e8461817adc7541a15fd7c30dfd4803f9467a839.png","55477","120.8","69.3","picture"
"f3643067b296bae161c0625ca82d982ba39fbde3.png","44514","73.6","69.7","picture"
"c872c4c759b50de1dab56c36ffa3777dec0aed09.png","2834","105.1","69.9","picture"
"eb8d3f8457cb72713fef794de5ab9513e75b8d85.png","46595","107.9","70.2","picture"
"3814368bcb815c1986a4dcc05218659d692eb49f.png","27927","100.5","70.5","picture"
"c4433e4ec1deb806a082eda81fefc4b91da26986.png","47421","107.4","71.2","picture"
"130b1bab46c0aca75eadf49060a8012fe1bbd51a.png","39622","137.8","72.2","picture"
"eb57e00c48fdb0c681b24dc0c7c29ce78544e69a.png","32454","185.4","73.9","picture"
"75369843e23ebf9947fef84ac6043f8d5b9425f8.png","35859","60.7","75.9","picture"
"9092fdfeff3bc9e002db3a425cb2c85f53132ac0.png","33048","117.1","76.1","picture"
"df7b683cc695bdcd10528031b0ecc06d4d9a1610.png","13654","126.9","77.9","picture"
"661e8cb772ab0ddce168faf75e9ec10e2ee8b152.png","11434","182.1","78.7","picture"
"4af92ca32ba4fc73eaeb9045379cf6f1b7e49db6.png","39968","165","79.2","picture"
"12b9d488b65addbe47a63c6b9e7072024d679f89.png","37796","130.7","79.7","picture"
"0b90257995f4c0d2f2b0202e64eb32bead0e52f0.png","33679","80.3","79.8","picture"
"ac1490a0ca1bcb4955ef48980b5db62ce9146e6e.png","4941","195.9","85.9","picture"
"e2748ed57ed059f73f780fb6f2c35bdad14e16d0.png","20037","72.7","87.1","picture"
"02bafda389b0b97d9bfd6d754f6c06fe56bbba11.png","37492","151.8","88.2","picture"
"3c4e3c0c2abe8e70949e311435e4e73e10cdfce7.png","12145","164.6","93.7","picture"
