"provider","probe_ms","probe_ok","kinds","capture_ms","frame_ok","frame_bytes"
"1.138","4385","True","audio+data+video","6327","True","1012"
"1.158","1829","True","audio+video","1117","True","55253"
"10.42","893","True","audio+data+video","1011","True","41040"
"104.106","1536","True","audio+video","1599","True","49849"
"104.22","2619","True","audio+video","2720","True","52596"
"104florencia.co","5679","True","audio+data+video","4106","True","42944"
"108.253","6145","True","audio+video","9583","True","45020"
"11.235","624","True","audio+video","717","True","41560"
"110.140","434","True","audio+video","471","True","20037"
"112.40","599","True","audio+video","675","True","48317"
"118.152","2351","True","audio+video","2534","True","34629"
"12.107","3515","True","audio+data+video","3503","True","55477"
"120.157","1338","True","audio+video","1500","True","58671"
"125.10","5405","False","","5407","False","0"
"126.131","5405","False","","5401","False","0"
"131.133","5496","False","","5418","False","0"
"14.26","3400","True","audio+video","2916","True","45603"
"141.161","2336","True","audio+video","2164","True","26985"
"15.19","8273","False","","688","True","48810"
"15.222","2725","True","audio+data+video","2758","True","46012"
"15.230","1564","True","audio+video","3298","True","49850"
"15.27","8265","False","","565","True","50880"
"150.46","916","True","audio+subtitle+video","936","True","43298"
"153.254","1898","True","audio+video","1913","True","37796"
"159.128","672","True","audio+video","683","True","47910"
"15plusmg.ru","2054","True","audio+video","2192","True","30445"
"161.117","6605","True","audio+data+video","5925","True","61998"
"172.14","973","True","audio+data+video","4200","True","52380"
"176.130","5413","False","","5390","False","0"
"176.50","5421","False","","5387","False","0"
"178.40","1523","False","","1527","False","0"
"179.122","837","True","audio+video","789","True","37331"
"18.177","1331","True","audio+video","2911","True","51948"
"182.79","291","True","audio+video","318","True","41240"
"184.193","1916","True","audio+video","1770","True","62549"
"193.35","8467","False","","10544","False","0"
"197.22","6605","True","audio+video","6837","True","54999"
"197.59","2176","True","audio+video","2300","True","48249"
"1tvcrimea.ru","1947","True","audio+video","1911","True","36816"
"2.18","554","True","audio+video","657","True","33679"
"20.255","5778","False","","5749","False","0"
"207.80","3505","True","audio+data+video","3978","True","56317"
"225.124","6871","True","audio+data+video","13581","True","62748"
"238.10","5407","False","","5386","False","0"
"238.229","3467","True","audio+video","3091","True","60103"
"24.163","2674","True","audio+video","2679","True","44085"
"243.239","3528","True","audio+video","3004","True","54161"
"244.134","3518","True","audio+video","5572","True","59038"
"244.63","5388","False","","5466","False","0"
"246.24","1340","True","audio+video","1307","True","51493"
"246.4","4454","True","audio+data+video","5259","True","65262"
"249.178","2394","True","audio+video","2499","True","31709"
"28.50","2785","True","audio+video","2799","True","60145"
"28kanala.eus","2237","True","audio+video","2159","True","48862"
"3.2","2325","True","audio+video","2383","True","2646"
"30a-tv.com","1120","True","audio+video","495","False","0"
"31.26","1481","True","audio+video","1451","True","60741"
"3catdirectes.cat","2462","True","audio+video","2617","True","54811"
"3qsdn.com","3008","True","audio+video","3127","True","37371"
"4.151","817","True","data+video","806","True","48051"
"41.94","5399","False","","5395","False","0"
"43.242","1981","True","audio+data+video","2308","True","53548"
"45.34","3534","False","","2182","False","0"
"47.101","1871","True","audio+video","1678","True","53920"
"48.15","5386","False","","5389","False","0"
"4fun.tv","1952","True","audio+video","1992","True","37089"
"4utv.live","693","True","audio+video","671","True","41731"
"4vod.tv","3242","True","audio+video","3232","True","42155"
"5.177","871","True","audio+video","613","True","41983"
"53.162","2553","True","audio+data+video","8740","True","33979"
"5centscdn.com","1826","True","audio+video","1749","True","46166"
"64.114","2423","True","audio+video","2324","True","44251"
"66.20","3128","True","audio+data+video","3183","True","51934"
"7.162","1964","True","audio+video","2090","True","40506"
"77.27","438","True","audio+video","354","True","4941"
"8.199","2177","True","audio+video","2649","True","45110"
"83.62","5383","False","","5476","False","0"
"83.69","2186","True","audio+video","2127","True","48689"
"85.151","1193","True","audio+video","1193","True","37823"
"85.4","4867","True","audio+data+video","5350","True","38597"
"87.106","1364","True","audio","1587","False","0"
"93.7","4838","True","audio+data+video","4926","True","80385"
"95.140","468","True","audio+video","515","True","12145"
"96.184","5252","True","audio+data+video","5282","True","47799"
"a1mediagroep.nl","830","True","audio+video","755","True","541"
"a7tvlive.ro","2651","True","audio+data+video","2499","True","47934"
"abnvideos.com","1774","True","audio+video","1733","True","53108"
"ac.kr","6811","True","audio+video","6701","True","44151"
"ac.th","2206","True","audio+data+video","1468","True","64385"
"acangroup.org","3090","True","audio+video","2974","True","56362"
"acnlive.net","1478","True","audio+video","1579","True","49067"
"afaq.iq","737","True","audio+video","791","True","56799"
"afintl.com","836","True","audio+video","895","True","45192"
"afontovo.ru","2421","True","audio+video","3605","True","47758"
"agenciastreaming.com","1179","False","","1122","False","0"
"ai-net.net","2651","True","audio+data+video","2531","True","59658"
"akamaized.net","6203","True","audio+subtitle+video","5173","True","46637"
"akctvcontrol.com","3181","True","audio+video","3624","True","73728"
"al-zahratv.com","2105","True","audio+video","1900","True","58660"
"alalam.ir","9247","True","audio+video","11731","True","48192"
"alarabiya.net","1373","True","audio+video","1496","True","31121"
"alawla.tv","2977","True","audio+video","3010","True","55513"
"albportal.net","381","False","","361","False","0"
"aliman.id","10039","False","","19213","False","0"
"alkassdigital.net","3793","True","audio+video","3505","True","48825"
"alsolnet.com","2799","True","audio+data+video","2618","True","31744"
"alterna.ar","4635","True","audio+video","4561","True","41673"
"alwifaklive.info","632","True","audio+data+video","542","True","47936"
"amagi.tv","105","False","","75","False","0"
"amazonaws.com","2804","True","audio+video","2752","True","45759"
"amelbatv.co","4414","False","","4450","False","0"
"amixtv.com","2529","True","audio+video","2539","True","55947"
"anandmedia.net","4281","True","audio+video","4266","True","51220"
"angiangtv.vn","1551","False","","1289","False","0"
"antik.sk","693","True","audio+video","747","True","61025"
"apa.tv","1935","True","audio+video","2208","True","35455"
"apple.com","10042","False","","19752","True","6023"
"apsny.camera","3056","True","audio+video","2715","True","31666"
"aranova.es","2628","True","audio+video","3267","True","28890"
"arcast.live","5156","True","audio+data+video","5329","True","8504"
"arcast.net","1927","True","audio+data+video","1991","True","44514"
"archive.org","10031","False","","20125","False","0"
"ard-mcdn.de","3002","True","audio+subtitle+video","3114","True","37357"
"arputharyesutv.com","4991","True","audio+video","5231","True","51970"
"artidijitalmedya.com","2159","True","audio+video","2110","True","60305"
"as3sport.online","3777","True","audio+video","5197","True","65360"
"asharq.com","1780","True","audio+video","1942","True","43844"
"asianastream.com","10068","False","","13302","True","44007"
"astrakhan.ru","10105","False","","5860","True","57085"
"aupurtv.co","2623","True","audio+video","2673","True","58762"
"avang.live","869","True","audio+video","880","True","31971"
"avantstreaming.es","886","True","audio+video","906","True","31461"
"azulstream.com","3717","True","audio+video","3693","True","39837"
"b-cdn.net","826","True","audio+video","806","True","19981"
"bangkokstream.com","3932","True","audio+video","3747","True","38367"
"bbstv.ug","965","True","audio+video","861","True","53049"
"beatfm.nl","788","True","audio+video","715","True","43283"
"beltelecom.by","1339","True","audio+data+video","1276","True","51090"
"berosat.live","2015","True","audio+video","3041","True","46595"
"bestream.io","953","True","audio+video","904","True","28077"
"bgtv.bg","962","True","audio+video","983","True","25361"
"binarywaves.com","1422","True","audio+video","1342","True","59883"
"bitsur.cl","5100","True","audio+video","5044","True","24605"
"biznetvideo.net","3435","True","audio+data+video","2689","True","69167"
"biztv.media","3322","True","audio+video","3280","True","33246"
"bkpcp.top","3918","True","audio+video","3551","True","54022"
"blender.org","728","True","audio+video","708","True","467"
"blivenyc.com","3310","True","audio+video","3416","True","16072"
"bloomberg.com","3242","True","audio+data+subtitle+video","2807","True","54098"
"blserver.cl","5403","True","audio+video","5519","True","68272"
"bonus-tv.ru","3360","True","audio+video","3276","True","52482"
"bozztv.com","10037","False","","8203","True","58213"
"brascast.com","5963","True","audio+video","5907","True","40115"
"brightcove.com","3197","True","audio+video","3042","True","52762"
"broadpeak-aas.com","4350","True","audio+video","4226","True","53950"
"broadpeak.io","2701","True","audio+video","2359","True","2378"
"bsmbialogard.pl","1950","True","audio+video","2018","True","40482"
"btv.ro","1209","True","audio+video","1059","True","41604"
"c3tv.com","5415","False","","5376","False","0"
"cablecast.tv","4565","True","audio+subtitle+video","4312","True","41783"
"cammonitorplus.net","467","True","audio+video","511","True","44104"
"camzonecdn.com","4458","True","data+video","4438","True","67122"
"canal1cr.com","833","True","audio+video","906","True","30292"
"canaldelsol.com","1877","True","audio+video","2045","True","50964"
"canaletaplus.com","3457","True","audio+video","3481","True","19457"
"canlitv.fun","1403","True","audio+data+video","1504","True","44223"
"canthotv.vn","7708","True","audio+data+video","7340","True","35328"
"castr-cdn.com","2449","True","audio+video","2046","True","38801"
"catcast.tv","10055","False","","15864","True","37492"
"catenoid.net","6637","True","audio+data+video","6583","True","42394"
"caton.cloud","2418","True","audio+video","1844","True","61001"
"cbsivideo.com","7931","True","audio+data+subtitle+video","7780","True","11434"
"cbsnews.com","2874","True","audio+data+video","2769","True","43902"
"cctvplus.com","7180","True","audio+data+video","6025","True","57125"
"cdn77.org","722","True","audio+data+video","756","True","56433"
"cdnbridge.tv","4108","True","audio+video","4780","True","44621"
"cdnstream1.com","3869","True","audio+data+video","3901","True","28089"
"cdnvideo.ru","838","True","audio+video","754","True","60290"
"cdnz.cl","1361","False","","5013","True","64107"
"cgtn.com","8528","False","","20033","False","0"
"cinerama.uz","4154","True","audio+video","3750","True","58545"
"cisk.tech","1698","True","audio+video","1681","True","41112"
"city.bg","7736","True","audio+video","3756","True","52163"
"citytv.hu","1543","True","audio+video","858","True","56583"
"cjonstyle.net","6658","True","audio+data+video","7359","True","64833"
"cloudecast.com","6211","True","audio+video","6264","True","31683"
"cloudfront.net","2646","True","audio+data+video","2669","True","39156"
"clouducs.com","5631","True","audio+data+video","5783","True","68298"
"cmctv.hr","334","False","","1206","True","27553"
"co.id","3153","True","audio+video","3165","True","36228"
"co.in","846","True","audio+video","826","True","56512"
"co.kr","7580","True","audio+data+video","7604","True","43907"
"co.th","8920","True","audio+video","8798","True","50112"
"co.za","1610","True","audio+data+video","2218","True","61512"
"codev8.net","697","True","audio+data+video","700","True","66445"
"com.ar","2002","True","audio+video","1959","True","42565"
"com.bo","1139","True","audio+video","1128","True","27286"
"com.br","10044","False","","12857","True","47567"
"com.co","3346","True","audio+video","3802","True","32247"
"com.kh","4175","True","audio+video","3895","True","43254"
"com.mk","851","True","audio+video","765","True","33082"
"com.mx","3547","True","audio+video","3469","True","2834"
"com.ni","588","False","","325","False","0"
"com.pe","2051","True","audio+video","1905","True","19587"
"com.py","2259","True","audio+video","2076","True","64865"
"com.tr","1094","True","audio+data+video","1153","True","58423"
"compuwebecuador.com","2408","True","audio+video","2525","True","41225"
"coninfo.net","2167","True","audio+data+video","1715","True","38706"
"connectto.com","3696","True","audio+video","3845","True","32454"
"cool-channel.com","5544","True","audio+video","5286","True","45929"
"coopmorteros.coop","5038","True","audio+video","4854","True","55727"
"crealatv.com","1378","True","audio+video","1464","True","51106"
"crystalweb.net","1230","True","audio+data+video","1235","True","34375"
"ctvbolivia.com","2716","True","audio+video","2737","True","31835"
"daaiplus.com","745","True","audio+video","642","True","48289"
"dabangasudan.org","950","True","audio+video","920","True","48695"
"daiconnect.com","1118","True","audio+data+video","776","True","26890"
"daioncdn.net","7392","True","audio+video","7422","True","67797"
"dashif.org","10037","False","","20151","False","0"
"dcdn.lt","1347","True","audio+data+video","1375","True","44839"
"ddns.net","4940","True","audio+video","5102","True","48754"
"deltaboliviainstitucion.org","2244","True","audio+video","2253","True","40883"
"denvs.ru","1169","True","audio+video","579","True","53425"
"desdeparaguay.net","4214","True","audio+data+video","4406","True","39968"
"deshitv24.net","685","True","audio+video","679","True","27678"
"digiteka.com","1962","True","audio+video","1885","True","45773"
"disfrutaenlared.com","2747","True","audio+data+video","2694","True","66851"
"dottotv.ro","1244","True","audio+video","1411","True","53191"
"dps.live","8355","True","audio+video","8646","True","52877"
"dpsgo.com","10033","False","","13677","True","37172"
"duhnet.tv","9910","True","audio+video","9791","True","63257"
"dunyanews.tv","10029","False","","10180","True","53649"
"dvb.no","6010","True","audio+video","5942","True","33048"
"dyndns.tv","769","True","audio+data+video","809","True","36535"
"easybroadcast.io","694","True","audio+video","700","True","57582"
"easyhoster.ru","1672","True","audio+video","1422","True","48332"
"ecable.tv","3514","True","audio+video","3709","True","57394"
"ecast.site","5539","True","audio+video","5306","True","59353"
"ecoperu.tv","4544","True","audio+video","4237","True","54420"
"edessatv.com","1107","True","audio+video","995","True","60845"
"edgenextcdn.net","4694","True","audio+video","6098","True","20407"
"edgesuite.net","10022","False","","18483","True","49394"
"ejeserver.com","2017","True","audio+video","2002","True","41072"
"elitecomunicacion.cloud","967","True","audio+video","1076","True","61752"
"elseis.do","2071","True","audio+video","2043","True","45566"
"eltorotv.com","1029","True","audio+video","1033","True","36378"
"emisoras.tv","2433","True","audio+video","2366","True","18959"
"emitstream.com","2169","True","audio+video","2116","True","43601"
"emsal.im","941","True","audio+video","821","True","47375"
"energeek.cl","5406","False","","5375","False","0"
"enetres.net","1253","True","audio+video","1242","True","58163"
"enhdtv.com","3392","True","audio+video","3632","True","34916"
"ensonhaber.com","2071","True","audio+video","1819","True","59981"
"erbvr.com","6261","True","audio+video","6305","True","39390"
"ercdn.net","5172","True","audio+video","5515","True","46998"
"err.ee","3607","True","audio+video","3715","True","38863"
"esite-lab.com","862","True","audio+video","856","True","50498"
"essastream.com","2508","True","audio+video","2493","True","40739"
"etbon.eus","10027","False","","20030","False","0"
"eu.org","585","False","","437","False","0"
"facecast.io","4936","True","audio+video","4723","True","56690"
"fastchannel.es","1953","True","audio+video","1839","True","50297"
"fastpublish.me","3883","True","audio+video","3806","True","50901"
"fasttvcdn.com","3609","True","audio+video","2994","True","50013"
"fgtv.com","10037","False","","16866","True","62842"
"flumotion.com","936","True","audio+video","851","True","59104"
"fortistv.com","234","False","","186","False","0"
"foxweather.com","5271","True","audio+data+video","4104","True","55997"
"france24.com","555","True","audio+data+video","512","True","52494"
"freeott.top","692","True","audio+video","733","True","32973"
"frequency.stream","3234","True","audio+data+subtitle+video","3861","True","44443"
"galaxyott.live","7645","True","audio+video","7136","True","36304"
"genexservicios.com","2317","True","audio+video","2374","True","38802"
"gestec-video.com","831","True","audio+video","876","True","55214"
"getaj.net","2540","True","audio+video","2264","True","54602"
"getpublica.com","6420","True","audio+data+video","6239","True","48117"
"getstreamhosting.com","3239","True","audio+data+video","3687","True","53895"
"gideo.video","6481","True","audio+data+video","6523","True","51072"
"gigabitcdn.net","963","True","audio+video","1112","True","66574"
"giostreaming.app","1850","True","audio+video","1980","True","6486"
"github.io","10035","False","","15602","True","37635"
"githubusercontent.com","6923","True","audio+data+video","4452","True","52925"
"globaldigitalcore.com","2718","True","audio+video","3093","True","7873"
"globalhostla.com","5032","True","audio+data+video","5232","True","63529"
"go.id","4919","True","audio+video","4929","True","66838"
"go.kr","10033","False","","9738","True","37984"
"gob.mx","9656","True","audio+video","3842","True","51495"
"gointernet.gr","680","True","audio+video","673","True","48839"
"goliveafrica.media","3040","True","audio+video","3409","True","45852"
"google.com","5688","True","audio+video","6222","True","39135"
"gostreaming.tv","1255","True","audio+video","900","True","47793"
"gov.ar","5390","True","audio+data+video","5356","True","48280"
"grupomediosdelnorte.com","3785","True","audio+video","3522","True","49918"
"gsshop.com","7371","True","audio+data+video","5743","True","44210"
"guaranteenews.in","3276","True","audio+video","4118","True","61130"
"gulistannews.in","3371","True","audio+video","3545","True","64850"
"haber100.com","631","False","","549","False","0"
"haislin.com","1249","True","audio+video","1234","True","53260"
"harekrsnatv.com","10176","False","","20036","False","0"
"henico.net","1042","True","audio+video","1033","True","68599"
"herringnetwork.com","10034","False","","10348","True","14640"
"hgmtv.com","5409","False","","5381","False","0"
"hiway.media","1804","True","audio+video","1938","True","58186"
"host-live.com","2626","True","audio+video","2548","True","45131"
"hostingcaaguazu.com","4636","True","audio+video","4656","True","12552"
"hostlagarto.com","3196","True","audio+video","3212","True","35949"
"hostuis.com","940","True","audio+video","947","True","1200"
"hydeinnovations.com","7394","True","audio+video","9084","True","43823"
"hyundaihmall.com","8682","True","audio+data+video","9072","True","51560"
"icopts.app","5476","False","","5372","False","0"
"imagenuniversaltv.net","3704","True","audio+video","3470","True","39390"
"in.th","2252","True","audio+video","2219","True","39689"
"infomaniak.com","1345","True","audio+data+video","1054","True","55400"
"innovasur.es","1346","True","audio+video","1430","True","58104"
"innovatestream.pe","3790","True","audio+video","2498","True","42346"
"inovanex.stream","232","False","","213","False","0"
"internetmultimediaonline.org","5403","True","audio+data+video","786","True","39496"
"intoday.in","10034","False","","20035","False","0"
"ip-only.net","4160","True","audio+data+video","3923","True","51625"
"ipnet.ua","1795","True","audio+video","1850","True","59227"
"iptv-playoutcenter.de","1197","True","audio+video","1134","True","33094"
"isilive.ca","3346","True","audio+data+video","3316","True","60755"
"it-innov.com","4120","True","audio+video","3290","True","39897"
"itworkscdn.net","1071","True","audio+video","771","True","57608"
"j00r.us","2376","True","audio+video","2423","True","45750"
"jetstre.am","1145","True","audio+video","1429","True","49881"
"jlahozconsulting.com","2432","True","audio+video","2492","True","41196"
"jlntv.cn","4576","True","audio+video","5456","True","45821"
"jmp2.uk","3133","True","audio+video","3289","True","34213"
"jmvstream.com","4560","True","audio+data+video","4911","True","65897"
"jpbgdigital.com","3072","True","audio+data+video","3178","True","13654"
"jswk.online","1266","True","audio+video","1185","True","59433"
"kaltura.com","2785","True","audio+data+video","5298","True","55909"
"kazmazpaz.ru","471","True","video","451","True","42475"
"klowdtv.com","2960","True","audio+video","2225","True","32349"
"ktismaservers.in","982","True","audio+video","944","True","35859"
"kwikmotion.com","3188","True","audio+video","2680","True","36873"
"langate.tv","3214","True","audio+video","2717","True","59092"
"lexanetwork.com","1553","True","audio+video","1558","True","67026"
"lhdserver.es","602","True","audio+video","697","True","54801"
"livaat.com","1978","True","audio+video","1892","True","43290"
"live-tv.cloud","2280","True","audio+video","2280","True","50091"
"live14.com","3162","True","audio+video","3007","True","41869"
"live247stream.com","1553","True","audio+video","1490","True","33499"
"livecastv.com","1367","True","audio+video","1084","True","47421"
"livecdn.io","1462","True","audio+data+video","1420","True","51013"
"livelegitpro.in","5296","True","audio+video","5319","True","53368"
"livemediama.com","2682","True","audio+video","2839","True","37349"
"livespanel.com","4764","True","audio+video","5036","True","45012"
"livestreaminggroup.info","3833","True","audio+video","3718","True","30812"
"livestreamtv.ca","2428","True","audio+video","2422","True","55013"
"logichost.in","2585","True","audio+data+video","1772","True","60012"
"lotteimall.com","1616","True","audio+video","949","True","44385"
"m.ro","2105","True","audio+data+video","2142","True","45884"
"mada.ps","1073","True","audio+video","998","True","42881"
"maissbt.com","610","False","","775","False","0"
"makrodigital.com","2410","True","audio+video","2370","True","584"
"malimarcdn.com","1516","True","audio+data+video","1398","True","48483"
"mandarine.media","1539","True","audio+data+video","1454","True","30490"
"mangomolo.com","10029","False","","10076","True","48986"
"mcncdndigital.com","2901","True","audio+video","2800","True","62378"
"mcot.net","10036","False","","12373","True","43942"
"mcquack.net","742","True","audio+video","729","True","29007"
"mdstrm.com","4818","True","audio+video","4806","True","64236"
"medcom.id","10024","False","","15315","True","54706"
"mediacdn.ru","3390","True","audio+video","3553","True","62926"
"mediacp.eu","1087","True","audio+video","1048","True","55656"
"mediadesk.al","335","False","","910","True","39622"
"medialivecdn.hu","1843","True","audio+video","1416","True","20545"
"mediasector.es","1284","True","audio+video","1309","True","29495"
"mediatech.vn","1124","True","audio+data+video","694","True","33472"
"mediatriple.net","2844","True","audio+video","9265","True","56707"
"mediosdecostarica.com","865","True","audio+video","844","True","50280"
"meteonews.net","914","True","audio+video","728","True","61887"
"meteorito.cloud","9948","True","audio+data+video","10074","True","22511"
"mexiserver.com","2892","True","audio+video","2778","True","40421"
"mexside.net","4600","True","audio+data+video","4845","True","27927"
"micanal2.tv","5456","False","","5443","False","0"
"mikrolive.tv","9814","True","audio+data+video","9831","True","62782"
"mil.kr","6356","True","audio+video","5773","True","69251"
"miracleonline.org","7898","True","audio+video","10966","True","31725"
"mivideo.pro","5621","True","audio+video","5718","True","42043"
"mk.io","10026","False","","4995","True","30684"
"mncdn.com","1813","True","audio+data+video","1141","True","45615"
"mobtada.com","917","True","audio+video","890","True","45937"
"mov3.co","3579","True","audio+video","3395","True","42121"
"mslivestream.net","2105","True","audio+video","2374","True","50010"
"msvdn.net","1992","True","audio+data+video","2031","True","52139"
"multimedia.blue","1299","True","audio+data+video","1219","True","38747"
"multistream.it","610","True","audio+video","528","True","53662"
"multitvsolution.com","4092","True","audio+video","5040","True","55885"
"mux.dev","2852","True","audio+video","1731","True","33035"
"mx-cd.net","1095","True","audio+data+video","1072","True","51623"
"my.id","3483","True","audio+video","3478","True","58330"
"myco.io","4043","True","audio+video","3836","True","53198"
"najah.edu","6426","True","audio+video","6336","True","65810"
"namdhari.tv","3704","True","audio+video","3086","True","33338"
"nandighoshatvlive.com","2906","True","audio+video","7098","True","57906"
"nbcuni.com","4408","True","audio+data+subtitle+video","4556","True","52255"
"ncare.live","486","False","","456","False","0"
